,City Name,Country,Date,Longitude,Latitude,Humidity,Cloud Cover,Temp K,Winds,Temp
0,Cabo San Lucas,MX,1604777035,-109.91,22.89,69,75,302.04,4.6,29.04000000000002
1,Sur,OM,1604777246,59.53,22.57,77,0,297.39,3.21,24.389999999999986
2,Ust-Maya,RU,1604777246,134.53,60.42,90,100,252.3,1.66,-20.69999999999999
3,Forsytheganj,BY,1604777246,29.73,52.63,93,58,280.94,3.57,7.939999999999998
4,Lorengau,PG,1604776999,147.27,-2.02,75,33,300.43,3.9,27.430000000000007
5,Kloulklubed,PW,1604777246,134.26,7.04,94,90,298.15,2.6,25.149999999999977
6,San Patricio,US,1604777246,-97.52,28.02,54,40,301.15,5.7,28.149999999999977
7,Azángaro,PE,1604776986,-70.22,-14.92,15,40,292.15,6.2,19.149999999999977
8,Narsaq,GL,1604777246,-46.05,60.92,74,75,272.15,1.5,-0.8500000000000227
9,Northam,GB,1604777246,-4.22,51.03,93,100,286.48,0.89,13.480000000000018
10,Tuktoyaktuk,CA,1604777247,-133.04,69.45,79,75,270.15,9.3,-2.8500000000000227
11,Iskateley,RU,1604776961,53.15,67.68,99,100,271.97,2.33,-1.0299999999999727
12,Ushuaia,AR,1604777092,-68.3,-54.8,41,75,289.15,8.2,16.149999999999977
13,Kenai,US,1604777247,-151.26,60.55,79,90,269.26,5.1,-3.740000000000009
14,Cape Town,ZA,1604777035,18.42,-33.93,82,75,291.48,6.2,18.480000000000018
15,Albany,US,1604777247,-73.97,42.6,37,100,295.37,1.09,22.370000000000005
16,Arraial do Cabo,BR,1604777247,-42.03,-22.97,69,75,297.15,4.1,24.149999999999977
17,Norman Wells,CA,1604777247,-126.83,65.28,92,75,268.15,1.76,-4.850000000000023
18,San Juan,AR,1604777247,-68.54,-31.54,19,6,305.03,3.48,32.02999999999997
19,Bredasdorp,ZA,1604777248,20.04,-34.53,72,0,289.15,4.1,16.149999999999977
20,Punta Arenas,CL,1604776997,-70.92,-53.15,54,40,288.15,11.8,15.149999999999977
21,Zenzeli,RU,1604777248,47.05,45.92,78,100,280.99,6.84,7.990000000000009
22,Codrington,AU,1604777248,141.97,-38.27,93,6,277.89,3.01,4.889999999999986
23,Saint-François,FR,1604777248,3.91,46.42,59,0,289.15,2.6,16.149999999999977
24,Lompoc,US,1604777010,-120.46,34.64,71,75,287.15,5.1,14.149999999999977
25,Makassar,ID,1604777248,119.42,-5.14,66,88,298.93,1.72,25.930000000000007
26,Luganville,VU,1604777248,167.17,-15.53,88,40,300.15,0.5,27.149999999999977
27,Terrasini,IT,1604777248,13.08,38.15,72,0,290.37,1.5,17.370000000000005
28,Singleton,AU,1604777249,151.18,-32.57,96,35,284.82,1.16,11.819999999999993
29,Nemuro,JP,1604777249,145.57,43.32,79,61,284.05,1.98,11.050000000000011
30,Mahébourg,MU,1604777249,57.7,-20.41,78,20,296.15,3.6,23.149999999999977
31,Vaini,TO,1604777249,-175.2,-21.2,83,20,297.15,2.6,24.149999999999977
32,Barrow,US,1604777249,-156.79,71.29,86,90,272.15,11.8,-0.8500000000000227
33,Mataura,NZ,1604777249,168.86,-46.19,62,100,282.04,5.36,9.04000000000002
34,Pechenga,RU,1604777249,31.17,69.53,80,40,275.15,17.5,2.1499999999999773
35,Hermanus,ZA,1604777250,19.23,-34.42,57,0,291.48,4.92,18.480000000000018
36,Sémbé,CG,1604777250,14.58,1.65,91,28,295.36,0.3,22.360000000000014
37,New Norfolk,AU,1604777250,147.06,-42.78,73,6,278.71,1.15,5.7099999999999795
38,Fortuna,US,1604777250,-124.16,40.6,66,20,285.93,6.7,12.930000000000007
39,Butaritari,KI,1604777250,172.79,3.07,74,100,300.24,4.88,27.24000000000001
40,Turaif,SA,1604777250,38.66,31.67,63,0,290.15,5.1,17.149999999999977
41,Bailén,ES,1604777250,-3.78,38.1,92,0,286.48,1.31,13.480000000000018
42,Hobart,AU,1604777144,147.33,-42.88,80,20,278.71,3.6,5.7099999999999795
43,Sibu,MY,1604777251,111.82,2.3,94,40,297.15,0.5,24.149999999999977
44,Rikitea,PF,1604777251,-134.97,-23.12,74,53,294.95,8.68,21.94999999999999
45,Severo-Kuril'sk,RU,1604777251,156.12,50.68,82,0,274.58,1.47,1.579999999999984
46,Puerto Ayora,EC,1604777251,-90.35,-0.74,69,40,298.15,8.7,25.149999999999977
47,Puri,IN,1604777251,85.85,19.8,88,0,294.15,2.8,21.149999999999977
48,Bluff,NZ,1604777251,168.33,-46.6,62,6,282.04,5.36,9.04000000000002
49,Vostok,RU,1604777251,135.88,46.49,99,100,267.72,0.92,-5.279999999999973
50,Angoram,PG,1604776986,144.07,-4.06,97,94,295.78,0.74,22.779999999999973
51,Assiut,EG,1604777252,31.18,27.18,60,0,293.15,2.1,20.149999999999977
52,Upernavik,GL,1604777252,-56.15,72.79,76,0,254.3,3.77,-18.69999999999999
53,Kapaa,US,1604777252,-159.32,22.08,83,40,300.15,4.6,27.149999999999977
54,Tiksi,RU,1604777252,128.87,71.69,91,0,250.89,0.85,-22.110000000000014
55,Ostrovnoy,RU,1604777252,39.51,68.05,89,100,274.82,5.13,1.8199999999999932
56,Saint-Philippe,RE,1604777252,55.77,-21.36,78,0,296.15,4.1,23.149999999999977
57,Marabu,MY,1604777252,114.01,4.41,94,20,299.15,1.5,26.149999999999977
58,Mayfield,US,1604777252,-88.64,36.74,44,1,298.15,2.6,25.149999999999977
59,Port Alfred,ZA,1604777253,26.89,-33.59,87,0,293.33,2.47,20.329999999999984
60,Bambous Virieux,MU,1604777253,57.76,-20.34,78,20,296.15,3.6,23.149999999999977
61,Oriximiná,BR,1604777253,-55.87,-1.77,51,1,306.19,3.77,33.19
62,Hofn,IS,1604777122,-15.21,64.25,79,99,278.32,4.91,5.319999999999993
63,Chui,UY,1604777253,-53.46,-33.7,71,23,293.6,5.33,20.600000000000023
64,Kahului,US,1604777253,-156.47,20.89,58,40,302.15,7.2,29.149999999999977
65,Saint George,US,1604777006,-113.58,37.1,30,75,288.15,9.3,15.149999999999977
66,Qaanaaq,GL,1604777253,-69.36,77.48,71,0,248.35,2.86,-24.650000000000006
67,East London,ZA,1604777254,27.91,-33.02,83,0,295.15,4.1,22.149999999999977
68,Taoudenni,ML,1604777254,-3.98,22.68,14,99,303.36,3.07,30.360000000000014
69,Kaitangata,NZ,1604777254,169.85,-46.28,69,100,283.15,3.58,10.149999999999977
70,Hong Kong,HK,1604777254,114.16,22.29,58,0,298.71,5.86,25.70999999999998
71,Itarema,BR,1604777254,-39.92,-2.92,63,99,302.2,8.5,29.19999999999999
72,Kuopio,FI,1604777254,27.68,62.89,62,20,281.15,8.7,8.149999999999977
73,Sarangani,PH,1604777254,125.46,5.4,78,100,300.96,3.95,27.95999999999998
74,Castro,BR,1604777254,-50.01,-24.79,33,0,299.8,2.09,26.80000000000001
75,Nuuk,GL,1604777255,-51.72,64.18,92,90,268.15,2.1,-4.850000000000023
76,Margate,GB,1604777255,1.39,51.38,90,22,285.37,4.34,12.370000000000005
77,Namatanai,PG,1604777255,152.43,-3.67,76,74,299.44,2.35,26.439999999999998
78,San Quintín,MX,1604777220,-115.95,30.48,49,0,291.73,7.48,18.730000000000018
79,Pisco,PE,1604777255,-76.22,-13.7,77,90,292.15,3.1,19.149999999999977
80,Kologriv,RU,1604777255,44.32,58.83,90,83,274.53,3.4,1.5299999999999727
81,Carnarvon,AU,1604777255,113.63,-24.87,77,90,294.15,6.7,21.149999999999977
82,Djibouti,DJ,1604777255,42.5,11.5,65,20,301.15,2.6,28.149999999999977
83,Nikolskoye,RU,1604777255,30.79,59.7,81,90,282.15,5.0,9.149999999999977
84,Bajil,YE,1604777256,43.29,15.06,54,0,301.66,1.95,28.660000000000025
85,Jamestown,US,1604777206,-79.24,42.1,39,1,293.71,3.1,20.70999999999998
86,Agüimes,ES,1604777048,-15.45,27.91,73,75,295.15,1.0,22.149999999999977
87,Busselton,AU,1604777130,115.33,-33.65,66,54,285.93,1.46,12.930000000000007
88,Ballina,AU,1604777256,153.57,-28.87,88,90,290.15,2.1,17.149999999999977
89,Talnakh,RU,1604777256,88.4,69.49,85,75,265.15,7.0,-7.850000000000023
90,Venado Tuerto,AR,1604777257,-61.97,-33.75,40,0,305.37,2.24,32.370000000000005
91,Fujin,CN,1604777257,132.03,47.26,94,61,270.29,0.71,-2.7099999999999795
92,Atuona,PF,1604777257,-139.03,-9.8,73,88,298.49,7.12,25.49000000000001
93,Champerico,GT,1604777257,-91.92,14.3,70,40,303.15,6.2,30.149999999999977
94,Avarua,CK,1604777257,-159.78,-21.21,78,100,297.15,3.36,24.149999999999977
95,Noumea,NC,1604777113,166.46,-22.28,88,0,294.15,3.73,21.149999999999977
96,Texarkana,US,1604777257,-94.05,33.43,57,75,298.15,2.1,25.149999999999977
97,Kingston,JM,1604777233,-76.79,18.0,88,75,299.82,8.7,26.819999999999993
98,Longyearbyen,SJ,1604777021,15.64,78.22,86,20,271.15,1.99,-1.8500000000000227
99,Chiredzi,ZW,1604777258,31.67,-21.05,31,0,303.92,2.47,30.920000000000016
100,Saint Paul Harbor,US,1604777153,-152.41,57.79,81,90,279.15,1.5,6.149999999999977
101,Tual,ID,1604777258,132.75,-5.67,70,81,301.29,4.95,28.29000000000002
102,Banjar,ID,1604777258,114.97,-8.19,74,0,297.25,2.38,24.25
103,Provideniya,RU,1604777258,-173.3,64.38,94,10,271.61,4.36,-1.3899999999999864
104,Zhenjiang,CN,1604777258,119.43,32.21,72,0,283.71,2.17,10.70999999999998
105,Lebu,CL,1604777258,-73.65,-37.62,59,0,287.08,9.61,14.079999999999984
106,Oddur,SO,1604777259,43.89,4.12,77,100,297.45,3.76,24.44999999999999
107,Phalaborwa,ZA,1604777259,31.14,-23.94,52,0,305.15,1.5,32.14999999999998
108,Lagoa,PT,1604777259,-27.98,39.05,71,0,289.54,9.37,16.54000000000002
109,Galle,LK,1604777259,80.22,6.04,81,0,299.56,0.63,26.560000000000002
110,Ponta do Sol,PT,1604777259,-17.1,32.67,72,20,292.15,1.5,19.149999999999977
111,San Cristobal,VE,1604777259,-72.22,7.77,74,40,302.15,6.2,29.149999999999977
112,Port Blair,IN,1604777259,92.75,11.67,79,0,300.49,3.3,27.49000000000001
113,Djambala,CG,1604777259,14.75,-2.54,90,34,294.4,0.87,21.399999999999977
114,Kashgar,CN,1604777260,75.98,39.45,30,77,279.15,5.0,6.149999999999977
115,Cidreira,BR,1604777260,-50.21,-30.18,74,0,294.57,6.74,21.569999999999993
116,College,US,1604777260,-147.8,64.86,85,90,269.82,1.5,-3.180000000000007
117,Berlevåg,NO,1604777260,29.09,70.86,80,90,277.15,13.9,4.149999999999977
118,Nabire,ID,1604777106,135.48,-3.37,87,100,298.03,1.22,25.029999999999973
119,Tasiilaq,GL,1604777260,-37.64,65.61,86,75,271.15,3.1,-1.8500000000000227
120,Clyde River,CA,1604777260,-68.59,70.47,83,20,252.15,2.1,-20.849999999999994
121,Kungurtug,RU,1604777260,97.52,50.6,93,82,267.52,0.63,-5.480000000000018
122,Weihai,CN,1604777261,122.11,37.5,52,0,283.25,10.75,10.25
123,Alta Floresta,BR,1604777261,-56.09,-9.88,52,40,306.15,2.1,33.14999999999998
124,Kavaratti,IN,1604777261,72.64,10.57,73,0,301.57,2.68,28.569999999999993
125,Bethel,US,1604777261,-73.41,41.37,35,1,296.15,2.1,23.149999999999977
126,Cherskiy,RU,1604777261,161.3,68.75,95,100,258.68,2.86,-14.319999999999993
127,Ucluelet,CA,1604777163,-125.55,48.93,65,5,281.15,3.1,8.149999999999977
128,Pāvilosta,LV,1604777261,21.19,56.89,100,100,283.15,7.7,10.149999999999977
129,Constitución,CL,1604777261,-72.42,-35.33,51,0,292.54,6.69,19.54000000000002
130,Saskylakh,RU,1604777262,114.08,71.92,89,5,250.36,3.0,-22.639999999999986
131,Bandarbeyla,SO,1604777262,50.81,9.49,85,42,298.01,6.71,25.00999999999999
132,Sosnovka,RU,1604777262,51.28,56.26,97,37,273.15,3.24,0.14999999999997726
133,Jaqué,PA,1604777262,-78.17,7.52,71,86,299.98,3.19,26.980000000000018
134,Ribeira Grande,PT,1604777262,-28.7,38.52,72,20,289.15,4.1,16.149999999999977
135,Dunedin,NZ,1604777232,170.5,-45.87,67,100,283.15,4.46,10.149999999999977
136,Verkhoyansk,RU,1604777262,133.38,67.54,83,18,240.81,0.34,-32.19
137,Tura,IN,1604777263,90.22,25.52,86,0,291.57,1.96,18.569999999999993
138,Shache,CN,1604777263,77.24,38.42,80,0,274.36,1.59,1.3600000000000136
139,Kumul,CN,1604777263,93.45,42.8,75,73,275.04,1.15,2.0400000000000205
140,Vitória de Santo Antão,BR,1604777263,-35.29,-8.12,70,75,302.15,7.2,29.149999999999977
141,San Luis,AR,1604776976,-66.34,-33.3,22,70,302.89,4.22,29.889999999999986
142,Cairns,AU,1604777259,145.77,-16.92,83,40,297.15,2.1,24.149999999999977
143,Saldanha,ZA,1604777263,17.94,-33.01,82,0,290.15,5.7,17.149999999999977
144,Bealanana,MG,1604777263,48.73,-14.55,86,65,289.74,1.25,16.74000000000001
145,Zemio,CF,1604777263,25.14,5.03,91,100,295.19,1.06,22.189999999999998
146,Romilly-sur-Seine,FR,1604777263,3.73,48.51,82,0,286.15,3.6,13.149999999999977
147,Manali,IN,1604777264,80.27,13.17,94,75,299.15,3.1,26.149999999999977
148,Krasnosel'kup,RU,1604777264,82.47,65.7,99,100,274.23,3.38,1.2300000000000182
149,Vila Franca do Campo,PT,1604777003,-25.43,37.72,63,20,289.15,4.6,16.149999999999977
150,Bandiagara,ML,1604777264,-3.61,14.35,31,0,304.15,5.1,31.149999999999977
151,Nome,US,1604777264,-165.41,64.5,86,40,276.15,5.7,3.1499999999999773
152,Kirensk,RU,1604777254,108.11,57.79,92,100,261.88,1.84,-11.120000000000005
153,Dingle,PH,1604777130,122.67,11.0,92,100,296.12,1.39,23.120000000000005
154,Kutum,SD,1604777264,24.67,14.2,24,1,294.56,5.68,21.560000000000002
155,Khani,GE,1604777264,42.96,41.96,93,90,284.15,4.1,11.149999999999977
156,Lata,PT,1604777265,-8.33,40.16,86,100,288.71,1.34,15.70999999999998
157,St. George's,GD,1604777265,-61.75,12.06,79,40,302.15,9.3,29.149999999999977
158,Porto-Novo,BJ,1604777265,2.6,6.5,83,40,300.15,3.6,27.149999999999977
159,Puerto Colombia,CO,1604777244,-74.95,10.99,79,40,302.15,3.6,29.149999999999977
160,Mount Isa,AU,1604777265,139.5,-20.73,12,52,298.15,5.7,25.149999999999977
161,Faanui,PF,1604777265,-151.75,-16.48,79,59,299.13,5.91,26.129999999999995
162,San Jose,US,1604777125,-121.89,37.34,47,40,288.71,2.6,15.70999999999998
163,Fairbanks,US,1604777131,-147.72,64.84,85,90,269.82,1.5,-3.180000000000007
164,Decatur,US,1604777265,-88.95,39.84,53,1,295.37,6.7,22.370000000000005
165,Fort Saint James,CA,1604777265,-124.25,54.43,82,0,271.35,3.83,-1.6499999999999773
166,Sitka,US,1604777266,-135.33,57.05,80,20,275.15,1.5,2.1499999999999773
167,Touros,BR,1604777266,-35.46,-5.2,70,40,302.15,6.2,29.149999999999977
168,Rizári,GR,1604777266,22.08,40.79,99,28,284.82,1.34,11.819999999999993
169,Isangel,VU,1604777266,169.27,-19.55,81,1,298.35,3.27,25.350000000000023
170,Hualmay,PE,1604777266,-77.61,-11.1,67,14,293.09,5.62,20.089999999999975
171,Mehamn,NO,1604777266,27.85,71.04,80,90,277.15,13.9,4.149999999999977
172,Mar del Plata,AR,1604777052,-57.56,-38.0,88,40,292.15,2.6,19.149999999999977
173,Khatanga,RU,1604777266,102.5,71.97,88,9,252.68,5.27,-20.319999999999993
174,Manokwari,ID,1604777267,134.08,-0.87,74,96,299.69,1.77,26.689999999999998
175,Hithadhoo,MV,1604777267,73.08,-0.6,73,86,301.65,3.65,28.649999999999977
176,Atar,MR,1604777267,-13.05,20.52,35,100,310.15,4.73,37.14999999999998
177,Havre-St-Pierre,CA,1604777267,-63.6,50.23,47,1,275.15,4.6,2.1499999999999773
178,Ulladulla,AU,1604777267,150.47,-35.35,71,90,285.15,3.6,12.149999999999977
179,Opuwo,NA,1604777267,13.84,-18.06,26,0,296.59,4.65,23.589999999999975
180,Binodegahan,PH,1604777267,123.46,13.06,91,100,297.95,4.41,24.94999999999999
181,Gambo,CF,1604777268,22.26,4.65,95,98,295.13,0.4,22.129999999999995
182,Riyadh,SA,1604777134,46.72,24.69,33,0,295.15,1.5,22.149999999999977
183,Svetlaya,RU,1604777268,138.33,46.54,87,23,273.78,2.77,0.7799999999999727
184,Nizhniy Tsasuchey,RU,1604777268,115.13,50.52,90,0,262.57,4.44,-10.430000000000007
185,Vilyuysk,RU,1604777268,121.62,63.76,90,79,249.97,2.04,-23.03
186,Gambēla,ET,1604777268,34.58,8.25,81,94,296.91,1.45,23.910000000000025
187,Esperance,AU,1604777268,121.9,-33.87,100,3,286.15,3.1,13.149999999999977
188,Paranhos,BR,1604777268,-55.43,-23.89,25,0,307.5,2.29,34.5
189,Arrondissement de Poitiers,FR,1604777265,0.33,46.58,82,90,288.71,0.5,15.70999999999998
190,Sakaiminato,JP,1604777268,133.23,35.55,100,40,287.15,2.1,14.149999999999977
191,Sadon,RU,1604777269,44.0,42.85,75,62,280.15,1.0,7.149999999999977
192,Ginda,IN,1604777269,78.49,30.69,44,0,282.37,2.27,9.370000000000005
193,Honningsvåg,NO,1604777269,25.97,70.98,80,90,277.15,13.9,4.149999999999977
194,Saint-Augustin,CA,1604777269,-58.65,51.23,80,0,274.45,8.57,1.4499999999999886
195,Ilām,NP,1604777269,87.92,26.92,65,0,285.51,2.34,12.509999999999991
196,Yabassi,CM,1604777269,9.97,4.46,100,40,297.15,1.0,24.149999999999977
197,Ulagan,RU,1604777269,87.96,50.63,89,13,271.44,1.38,-1.5600000000000023
198,Hilo,US,1604777269,-155.09,19.73,78,90,299.15,2.6,26.149999999999977
199,Flinders,AU,1604777270,150.86,-34.58,82,63,285.93,3.19,12.930000000000007
200,Kavieng,PG,1604777270,150.8,-2.57,70,26,301.1,3.89,28.100000000000023
201,Port Lincoln,AU,1604777270,135.87,-34.73,76,0,288.16,7.41,15.160000000000025
202,Talas,TR,1604777270,35.55,38.69,70,20,279.15,1.0,6.149999999999977
203,Rocha,UY,1604777270,-54.33,-34.48,68,37,294.64,4.74,21.639999999999986
204,Teya,RU,1604777270,92.63,60.38,85,100,276.47,4.92,3.4700000000000273
205,Tuatapere,NZ,1604777270,167.68,-46.13,62,55,282.04,5.36,9.04000000000002
206,Umm Hājar,TD,1604777270,19.7,13.3,18,0,301.91,4.98,28.910000000000025
207,Saint Anthony,US,1604777270,-93.22,45.02,56,1,295.15,7.7,22.149999999999977
208,Saurimo,AO,1604777271,20.39,-9.66,86,100,294.09,1.38,21.089999999999975
209,Mossamedes,AO,1604777271,12.15,-15.2,66,54,294.85,5.3,21.850000000000023
210,Qurayyat,SA,1604777271,37.34,31.33,48,20,292.15,3.39,19.149999999999977
211,Khurba,RU,1604777271,136.88,50.41,84,100,269.47,4.14,-3.5299999999999727
212,Coahuayana Viejo,MX,1604777271,-103.68,18.73,58,20,301.15,2.63,28.149999999999977
213,George Town,MY,1604777271,100.34,5.41,88,40,299.15,1.5,26.149999999999977
214,Itupiranga,BR,1604776983,-49.33,-5.13,55,40,306.15,2.6,33.14999999999998
215,Biak,ID,1604777271,122.88,-0.91,74,92,298.43,2.69,25.430000000000007
216,Burley,US,1604777271,-113.79,42.54,61,40,282.15,4.6,9.149999999999977
217,Srednekolymsk,RU,1604777272,153.68,67.45,91,96,252.39,3.96,-20.610000000000014
218,Tomigusuku,JP,1604777272,127.67,26.18,100,20,297.15,1.5,24.149999999999977
219,Chicama,PE,1604777272,-79.15,-7.84,72,32,293.15,4.1,20.149999999999977
220,Vao,NC,1604777272,167.48,-22.67,76,62,296.16,4.91,23.160000000000025
221,Dekar,BW,1604777272,21.93,-21.53,13,0,303.81,1.6,30.810000000000002
222,Dubai,AE,1604777272,55.3,25.26,51,0,301.15,3.1,28.149999999999977
223,Maragogi,BR,1604777272,-35.22,-9.01,78,28,299.94,6.18,26.939999999999998
224,Berbérati,CF,1604777272,15.79,4.26,91,100,294.62,0.68,21.620000000000005
225,Pala,TD,1604777272,14.9,9.36,28,100,299.66,1.27,26.660000000000025
226,Kabompo,ZM,1604777273,24.2,-13.59,35,13,297.57,1.81,24.569999999999993
227,Henties Bay,NA,1604777273,14.28,-22.12,90,0,289.26,1.34,16.25999999999999
228,Haines Junction,CA,1604777273,-137.51,60.75,69,99,249.15,0.25,-23.849999999999994
229,Merauke,ID,1604777105,140.33,-8.47,85,58,298.27,4.14,25.269999999999982
230,Yeppoon,AU,1604777273,150.73,-23.13,69,90,297.15,5.1,24.149999999999977
231,Thompson,CA,1604777188,-97.86,55.74,85,90,266.15,1.66,-6.850000000000023
232,Glenwood Springs,US,1604777273,-107.32,39.55,80,90,285.37,4.6,12.370000000000005
233,Port Elizabeth,ZA,1604777273,25.57,-33.92,93,0,290.15,2.6,17.149999999999977
234,Irondequoit,US,1604777273,-77.58,43.21,40,75,294.26,6.7,21.25999999999999
235,Manoel Urbano,BR,1604777273,-69.26,-8.84,39,75,307.52,0.49,34.51999999999998
236,Thinadhoo,MV,1604777274,72.93,0.53,67,100,302.33,2.12,29.329999999999984
237,Boone,US,1604777274,-92.33,39.03,41,0,295.93,5.36,22.930000000000007
238,Katsuura,JP,1604777274,140.3,35.13,82,75,293.15,2.6,20.149999999999977
239,Makubetsu,JP,1604777274,141.82,45.37,65,0,279.86,7.65,6.860000000000014
240,Salalah,OM,1604777274,54.09,17.02,61,0,298.15,1.0,25.149999999999977
241,Saint-Pierre,RE,1604777274,55.48,-21.34,78,0,296.15,4.1,23.149999999999977
242,Pevek,RU,1604777274,170.31,69.7,97,100,265.07,1.29,-7.930000000000007
243,Broome,US,1604777274,-75.83,42.25,42,1,294.26,3.6,21.25999999999999
244,Xunchang,CN,1604777275,104.72,28.45,77,59,288.0,0.5,15.0
245,Poconé,BR,1604777132,-56.62,-16.26,31,100,309.24,2.33,36.24000000000001
246,Richards Bay,ZA,1604777275,32.04,-28.78,92,0,294.83,2.23,21.829999999999984
247,Sabang,ID,1604777275,95.32,5.89,76,100,299.94,1.01,26.939999999999998
248,Durango,MX,1604777261,-104.83,24.83,22,0,295.48,0.4,22.480000000000018
249,Ossora,RU,1604777275,163.07,59.24,89,99,270.82,2.68,-2.180000000000007
250,Xuzhou,CN,1604777275,117.16,34.18,37,0,285.43,2.06,12.430000000000007
251,Paka,MY,1604777275,103.44,4.64,94,100,298.15,1.5,25.149999999999977
252,Viking,CA,1604777275,-111.77,53.1,100,100,271.15,4.6,-1.8500000000000227
253,Ürümqi,CN,1604776563,87.6,43.8,59,0,274.15,2.0,1.1499999999999773
254,Acapulco de Juárez,MX,1604776990,-99.89,16.86,70,5,304.15,2.1,31.149999999999977
255,Ancud,CL,1604777276,-73.82,-41.87,55,0,291.15,4.1,18.149999999999977
256,Caravelas,BR,1604777276,-39.25,-17.71,69,0,300.44,3.75,27.439999999999998
257,Vestmannaeyjar,IS,1604777276,-20.27,63.44,87,75,280.15,9.8,7.149999999999977
258,Koumac,NC,1604777276,164.28,-20.57,75,2,296.39,4.35,23.389999999999986
259,Santa Maria,BR,1604777276,-53.81,-29.68,40,0,304.15,4.1,31.149999999999977
260,Labuhan,ID,1604777276,112.21,-6.88,78,0,299.21,3.54,26.20999999999998
261,Chokurdakh,RU,1604777276,147.92,70.63,95,100,256.78,2.89,-16.220000000000027
262,Saint Lawrence,MT,1604777276,14.2,36.06,82,20,291.48,2.6,18.480000000000018
263,Oussouye,SN,1604777277,-16.55,12.48,79,0,304.15,2.1,31.149999999999977
264,Novosil',RU,1604777277,37.04,52.97,91,0,278.41,4.2,5.410000000000025
265,Son La,VN,1604777277,103.9,21.32,92,0,288.83,0.6,15.829999999999984
266,Dāmghān,IR,1604777277,54.35,36.17,30,100,288.86,0.9,15.860000000000014
267,Lusambo,CD,1604777277,23.45,-4.97,95,100,294.85,0.37,21.850000000000023
268,Sobolevo,RU,1604777087,31.9,54.43,90,100,281.24,5.6,8.240000000000009
269,Kudahuvadhoo,MV,1604777277,72.89,2.67,68,92,302.04,3.07,29.04000000000002
270,Aklavik,CA,1604777277,-135.01,68.22,63,75,270.15,6.63,-2.8500000000000227
271,Neiafu,TO,1604777277,-173.98,-18.65,65,20,298.15,1.5,25.149999999999977
272,Port Macquarie,AU,1604777139,152.92,-31.43,87,55,288.15,4.6,15.149999999999977
273,Konče,MK,1604777278,22.39,41.5,73,65,281.33,0.97,8.329999999999984
274,Ise,JP,1604777278,136.7,34.48,68,75,292.15,7.7,19.149999999999977
275,Roald,NO,1604777278,6.13,62.58,93,75,280.37,2.1,7.3700000000000045
276,Buftea,RO,1604777278,25.95,44.56,100,0,281.48,1.0,8.480000000000018
277,Kruisfontein,ZA,1604777278,24.73,-34.0,76,0,290.37,0.45,17.370000000000005
278,Novobiryusinskiy,RU,1604777278,97.71,56.96,95,100,275.26,3.39,2.259999999999991
279,Lively,CA,1604777278,-81.15,46.43,67,90,290.93,6.7,17.930000000000007
280,Samarai,PG,1604777278,150.67,-10.62,83,1,300.31,3.82,27.310000000000002
281,Igarka,RU,1604777278,86.58,67.47,96,100,262.77,6.55,-10.230000000000018
282,Kyshtovka,RU,1604777279,76.63,56.55,76,100,276.09,5.12,3.089999999999975
283,Anadyr,RU,1604777279,177.48,64.75,92,75,266.15,3.0,-6.850000000000023
284,Quatre Cocos,MU,1604777279,57.76,-20.21,78,20,296.15,3.6,23.149999999999977
285,La Ronge,CA,1604777279,-105.28,55.1,79,100,267.15,3.1,-5.850000000000023
286,Nushki,PK,1604777279,66.02,29.55,31,0,287.08,2.35,14.079999999999984
287,Chivay,PE,1604777279,-71.6,-15.64,27,97,290.59,2.16,17.589999999999975
288,Kosa,RU,1604777279,55.0,59.94,98,73,271.93,2.55,-1.0699999999999932
289,Malé,MV,1604777279,73.51,4.17,88,75,301.15,2.1,28.149999999999977
290,Morón,AR,1604777275,-58.62,-34.65,42,8,300.37,2.24,27.370000000000005
291,Chaoyang,CN,1604777280,120.46,41.57,63,0,272.78,4.4,-0.22000000000002728
292,Naze,JP,1604777280,129.48,28.37,94,75,297.15,6.2,24.149999999999977
293,Sechura,PE,1604777280,-80.82,-5.56,58,67,296.17,8.19,23.170000000000016
294,Soyo,AO,1604777280,12.37,-6.13,85,24,298.76,3.87,25.75999999999999
295,São Filipe,CV,1604777280,-24.5,14.9,77,49,299.55,5.72,26.55000000000001
296,Tessalit,ML,1604777280,1.01,20.2,17,100,299.02,5.14,26.019999999999982
297,Hay River,CA,1604777280,-115.8,60.82,77,77,258.15,1.5,-14.850000000000023
298,Palmer,US,1604777069,-72.33,42.16,31,40,298.15,3.1,25.149999999999977
299,Waingapu,ID,1604777280,120.26,-9.66,71,100,299.91,0.29,26.910000000000025
300,Huarmey,PE,1604777280,-78.15,-10.07,66,4,293.06,5.21,20.060000000000002
301,Kurumkan,RU,1604777281,110.3,54.3,76,95,263.33,1.13,-9.670000000000016
302,Champotón,MX,1604777281,-90.72,19.35,78,20,301.15,7.7,28.149999999999977
303,Torbay,CA,1604777281,-52.73,47.67,81,75,283.71,12.3,10.70999999999998
304,Shiyan,CN,1604777281,110.78,32.65,42,0,285.55,1.44,12.550000000000011
305,Benguela,AO,1604777281,13.41,-12.58,72,68,298.19,2.22,25.189999999999998
306,Souillac,MU,1604777281,57.52,-20.52,78,20,296.15,3.6,23.149999999999977
307,Swan Hill,AU,1604777282,143.55,-35.34,76,0,279.49,3.38,6.490000000000009
308,Faya,SA,1604777282,42.45,18.39,77,0,290.15,0.99,17.149999999999977
309,Tari,NG,1604777282,4.49,12.41,17,0,300.08,3.49,27.079999999999984
310,Salina Cruz,MX,1604777282,-95.2,16.17,44,67,305.27,8.96,32.26999999999998
311,Griffith,US,1604777282,-87.42,41.53,43,1,295.37,6.7,22.370000000000005
312,Thayetmyo,MM,1604777282,95.18,19.32,86,0,296.17,2.13,23.170000000000016
313,Nara,JP,1604777283,135.8,34.69,98,96,289.82,1.26,16.819999999999993
314,Krivosheino,RU,1604777283,83.93,57.34,80,89,276.28,5.54,3.2799999999999727
315,Viedma,AR,1604777283,-63.0,-40.81,38,4,297.59,1.79,24.589999999999975
316,Bāglung,NP,1604777283,83.59,28.27,72,5,286.49,1.69,13.490000000000009
317,Otradnoye,RU,1604777283,30.82,59.78,88,98,282.04,1.79,9.04000000000002
318,Kualakapuas,ID,1604777283,114.39,-3.01,95,97,297.12,0.99,24.120000000000005
319,Dogondoutchi,NE,1604777283,4.03,13.64,14,0,302.38,3.01,29.379999999999995
320,Vadlapūdi,IN,1604777283,79.8,14.32,82,28,299.04,2.44,26.04000000000002
321,Qaqortoq,GL,1604777284,-46.03,60.72,74,75,272.15,1.5,-0.8500000000000227
322,Sudzha,RU,1604777284,35.27,51.2,93,0,279.42,3.53,6.420000000000016
323,Juigalpa,NI,1604777284,-85.36,12.11,83,40,299.15,2.1,26.149999999999977
324,Adrar,MR,1604777284,-10.07,20.5,17,100,305.06,3.55,32.06
325,Almeirim,BR,1604777284,-52.58,-1.52,51,44,305.8,0.88,32.80000000000001
326,Hambantota,LK,1604777284,81.12,6.12,100,5,298.15,1.5,25.149999999999977
327,Jalu,LY,1604777284,21.55,29.03,54,0,292.42,6.33,19.420000000000016
328,Port Hardy,CA,1604777285,-127.42,50.7,67,20,280.15,6.7,7.149999999999977
329,Puerto Escondido,MX,1604777285,-97.07,15.85,74,20,303.15,3.6,30.149999999999977
330,Moose Factory,CA,1604777160,-80.61,51.26,90,40,273.15,6.7,0.14999999999997726
331,Geraldton,AU,1604777285,114.6,-28.77,77,90,293.15,3.6,20.149999999999977
332,Mahenge,TZ,1604777227,36.72,-8.68,81,0,294.39,2.47,21.389999999999986
333,Vankleek Hill,CA,1604777285,-74.65,45.52,52,100,293.15,4.1,20.149999999999977
334,Macia,MZ,1604777285,33.1,-25.03,59,0,301.42,3.03,28.420000000000016
335,Scarborough,GB,1604777285,-0.4,54.28,92,0,281.48,2.65,8.480000000000018
336,Sittwe,MM,1604777285,92.9,20.15,81,0,298.23,2.09,25.230000000000018
337,Guerrero Negro,MX,1604777286,-114.06,27.98,57,12,295.7,6.29,22.69999999999999
338,Laguna,US,1604777286,-121.42,38.42,47,1,288.71,1.3,15.70999999999998
339,Belen,TR,1604777286,36.22,36.49,82,20,288.15,1.5,15.149999999999977
340,Obihiro,JP,1604777286,143.2,42.92,81,1,279.99,3.04,6.990000000000009
341,Yakeshi,CN,1604777286,120.73,49.28,92,0,259.01,3.05,-13.990000000000009
342,Husavik,IS,1604777286,-17.34,66.04,56,75,280.15,9.8,7.149999999999977
343,Sheregesh,RU,1604777286,87.99,52.92,92,33,274.22,1.5,1.2200000000000273
344,Ilulissat,GL,1604777286,-51.1,69.22,71,20,260.15,2.6,-12.850000000000023
345,Port Augusta,AU,1604777286,137.77,-32.5,93,0,283.71,2.6,10.70999999999998
346,Hānsi,IN,1604777286,75.97,29.1,24,0,292.7,1.84,19.69999999999999
347,Ouésso,CG,1604777287,16.05,1.61,93,100,295.89,0.83,22.889999999999986
348,Poum,NC,1604777287,164.02,-20.23,73,1,297.84,6.12,24.839999999999975
349,Sabaudia,IT,1604777287,13.03,41.3,90,0,286.48,1.79,13.480000000000018
350,Cururupu,BR,1604777287,-44.87,-1.83,56,90,304.15,3.89,31.149999999999977
351,Mikuni,JP,1604777287,136.15,36.22,100,75,287.15,2.1,14.149999999999977
352,Kiryat Gat,IL,1604777287,34.76,31.61,73,86,293.15,2.26,20.149999999999977
353,Bereda,ES,1604777287,-7.54,43.27,96,25,289.82,4.47,16.819999999999993
354,Kannad,IN,1604777287,75.13,20.27,63,0,291.15,2.78,18.149999999999977
355,Puerto Peñasco,MX,1604777287,-113.53,31.32,69,19,295.37,2.68,22.370000000000005
356,Marsá Maţrūḩ,EG,1604777288,27.25,31.35,82,90,291.15,5.45,18.149999999999977
357,Coyhaique,CL,1604777288,-72.07,-45.58,34,0,293.15,2.6,20.149999999999977
358,Darnah,LY,1604777288,22.64,32.77,74,52,293.06,6.57,20.060000000000002
359,Price,US,1604777288,-110.81,39.6,51,75,289.15,10.8,16.149999999999977
360,Evensk,RU,1604777288,159.23,61.95,89,90,262.18,4.35,-10.819999999999993
361,Pangnirtung,CA,1604777288,-65.71,66.15,92,90,261.15,5.1,-11.850000000000023
362,Tazovsky,RU,1604777289,78.7,67.47,99,100,270.88,3.02,-2.1200000000000045
363,Talaya,RU,1604777289,152.75,61.38,89,99,253.34,1.72,-19.659999999999997
364,Qaryat Sulūq,LY,1604777289,20.25,31.67,71,0,292.13,6.77,19.129999999999995
365,Fort Nelson,CA,1604777289,-122.7,58.81,84,75,260.15,1.5,-12.850000000000023
366,Salinópolis,BR,1604777290,-47.36,-0.61,69,26,302.63,7.32,29.629999999999995
367,Taltal,CL,1604777290,-70.48,-25.4,62,29,291.33,2.16,18.329999999999984
368,Loralai,PK,1604777290,68.6,30.37,36,0,284.98,1.71,11.980000000000018
369,São José da Coroa Grande,BR,1604777290,-35.15,-8.9,77,23,300.13,6.23,27.129999999999995
370,Morant Bay,JM,1604777290,-76.41,17.88,88,75,299.82,8.7,26.819999999999993
371,Colares,PT,1604777290,-9.45,38.8,93,75,290.37,5.7,17.370000000000005
372,Wete,TZ,1604777290,39.73,-5.06,84,100,298.86,3.26,25.860000000000014
373,Avera,US,1604777290,-82.53,33.19,57,75,300.15,3.6,27.149999999999977
374,Lüderitz,NA,1604777196,15.16,-26.65,85,0,290.55,2.6,17.55000000000001
375,Gizo Government Station,SB,1604777291,156.84,-8.1,74,30,301.39,3.32,28.389999999999986
376,Zyryanka,RU,1604777291,150.85,65.75,92,96,252.64,3.62,-20.360000000000014
377,Chāndbāli,IN,1604777291,86.77,20.78,62,0,293.17,2.75,20.170000000000016
378,Plouzané,FR,1604777291,-4.62,48.38,100,90,287.15,4.1,14.149999999999977
379,Shirokiy,RU,1604777291,129.52,49.76,97,100,267.54,3.04,-5.4599999999999795
380,Tommot,RU,1604777291,126.29,58.96,90,100,255.4,3.52,-17.599999999999994
381,Zholymbet,KZ,1604777291,71.71,51.74,53,100,280.64,8.89,7.639999999999986
382,Broken Hill,AU,1604777258,141.43,-31.95,41,0,287.15,4.6,14.149999999999977
383,Santa Rosa,PH,1604777292,121.11,14.31,94,90,297.15,1.5,24.149999999999977
384,Nantucket,US,1604777292,-70.1,41.28,63,1,292.15,5.7,19.149999999999977
385,Launceston,AU,1604777292,147.17,-41.45,81,90,279.15,1.5,6.149999999999977
386,Sol'-Iletsk,RU,1604777292,54.99,51.16,76,100,276.58,7.02,3.579999999999984
387,Novy Urengoy,RU,1604777292,76.63,66.08,98,100,273.33,2.17,0.3299999999999841
388,Airai,TL,1604777292,125.41,-8.93,59,89,290.15,0.83,17.149999999999977
389,Chilca,PE,1604777292,-76.74,-12.52,68,90,293.15,6.2,20.149999999999977
390,Malanje,AO,1604777292,16.34,-9.54,95,100,292.8,1.39,19.80000000000001
391,Zhangye,CN,1604777292,100.45,38.93,48,0,278.17,3.05,5.170000000000016
392,Cayenne,GF,1604777293,-52.33,4.93,100,0,298.15,1.0,25.149999999999977
393,Camapuã,BR,1604777293,-54.04,-19.53,22,0,310.16,2.44,37.160000000000025
394,High Rock,BS,1604777293,-78.28,26.62,83,90,300.15,7.2,27.149999999999977
395,Chihuahua,MX,1604777250,-106.0,28.5,16,5,297.15,3.1,24.149999999999977
396,Bengkulu,ID,1604777293,102.27,-3.8,87,100,297.96,2.14,24.95999999999998
397,Garhwa,IN,1604777293,83.82,24.18,56,0,289.69,1.21,16.689999999999998
398,Fernley,US,1604777293,-119.25,39.61,50,100,279.26,2.68,6.259999999999991
399,Meulaboh,ID,1604777293,96.13,4.14,86,99,297.97,1.8,24.970000000000027
400,Abu Kamal,SY,1604777293,40.92,34.45,50,0,292.24,3.22,19.24000000000001
401,Enshi,CN,1604777294,109.48,30.3,73,0,284.55,0.41,11.550000000000011
402,Urengoy,RU,1604777294,78.37,65.97,98,100,273.39,1.69,0.38999999999998636
403,Balikpapan,ID,1604777294,116.83,-1.27,89,63,298.19,2.08,25.189999999999998
404,Shingū,JP,1604777294,135.98,33.73,90,100,290.58,1.63,17.579999999999984
405,Bosobolo,CD,1604777294,19.9,4.18,92,99,296.01,0.27,23.00999999999999
406,Cascais,PT,1604777294,-9.42,38.7,93,75,290.37,5.7,17.370000000000005
407,Tāybād,IR,1604777294,60.78,34.74,30,100,286.32,2.42,13.319999999999993
408,Yenagoa,NG,1604777294,6.26,4.92,89,100,298.34,2.57,25.339999999999975
409,Egvekinot,RU,1604777294,-179.17,66.32,98,100,267.85,1.99,-5.149999999999977
410,Vardø,NO,1604777295,31.11,70.37,81,100,276.95,16.68,3.9499999999999886
411,Ati,TD,1604777295,18.34,13.22,17,83,302.45,4.49,29.44999999999999
412,Hilton Head,US,1604777295,-80.75,32.22,78,90,297.59,6.2,24.589999999999975
413,Vigrestad,NO,1604777295,5.7,58.57,99,100,280.37,0.89,7.3700000000000045
414,Hobyo,SO,1604777295,48.53,5.35,77,5,299.73,4.87,26.730000000000018
415,Helong,CN,1604777295,129.0,42.54,77,0,269.96,8.04,-3.0400000000000205
416,Ejutla de Crespo,MX,1604777295,-96.73,16.57,34,40,299.15,1.76,26.149999999999977
417,Key Largo,US,1604777295,-80.45,25.09,87,100,299.82,3.13,26.819999999999993
418,Lavrentiya,RU,1604777296,-171.0,65.58,96,92,271.35,5.23,-1.6499999999999773
419,Beckley,US,1604777296,-81.19,37.78,37,1,298.15,2.6,25.149999999999977
420,San Rafael,AR,1604777001,-68.33,-34.62,23,5,303.01,5.62,30.00999999999999
421,Leningradskiy,RU,1604777296,178.42,69.38,96,100,266.7,5.98,-6.300000000000011
422,Borodino,RU,1604777296,94.9,55.91,96,100,275.8,4.77,2.8000000000000114
423,Vila do Maio,CV,1604777296,-23.22,15.13,69,0,300.15,5.7,27.149999999999977
424,Daşoguz,TM,1604777296,59.97,41.84,76,0,284.15,4.1,11.149999999999977
425,Simao,CN,1604777296,100.97,22.79,94,0,287.39,0.88,14.389999999999986
426,Pokrovskoye,RU,1604777296,38.9,47.42,73,0,282.71,5.06,9.70999999999998
427,Luorong,CN,1604777297,109.61,24.41,64,0,290.31,4.58,17.310000000000002
428,Beyneu,KZ,1604777297,55.2,45.32,72,7,278.98,5.54,5.980000000000018
429,Gornyy,RU,1604777297,83.91,55.12,100,94,278.17,2.32,5.170000000000016
430,Leshukonskoye,RU,1604777297,45.76,64.9,89,100,274.66,3.57,1.660000000000025
431,Zaton,RU,1604777297,83.81,53.29,51,0,277.15,4.0,4.149999999999977
432,Caconde,BR,1604777297,-46.64,-21.53,34,40,301.15,2.83,28.149999999999977
433,Merke,KZ,1604777297,73.18,42.87,29,100,287.38,3.43,14.379999999999995
434,Göksun,TR,1604777297,36.5,38.02,71,0,285.15,2.6,12.149999999999977
435,Iquitos,PE,1604777297,-73.25,-3.75,70,75,304.15,3.6,31.149999999999977
436,Fontem,CM,1604777298,9.88,5.47,92,100,293.22,0.65,20.220000000000027
437,Baijiantan,CN,1604777298,85.18,45.63,76,0,274.66,0.11,1.660000000000025
438,Padang,ID,1604777298,100.35,-0.95,81,100,298.28,1.69,25.279999999999973
439,Aswān,EG,1604777298,32.91,24.09,38,100,295.53,4.32,22.529999999999973
440,Thai Nguyen,VN,1604777298,105.84,21.59,56,0,296.15,3.1,23.149999999999977
441,Kholodnyy,RU,1604777298,147.95,62.72,87,100,253.65,1.87,-19.349999999999994
442,Alugan,PH,1604777298,125.48,12.22,88,96,297.24,1.54,24.24000000000001
443,Mishan,CN,1604777298,131.88,45.55,89,47,271.8,1.27,-1.1999999999999886
444,Kaohsiung City,TW,1604777298,120.31,22.62,94,90,296.15,3.6,23.149999999999977
445,San Nicola,IT,1604777299,8.99,40.61,87,0,288.15,0.5,15.149999999999977
446,Yellowknife,CA,1604776981,-114.35,62.46,85,90,262.04,2.6,-10.95999999999998
447,‘Āhuimanu,US,1604777299,-157.84,21.44,80,90,300.15,5.1,27.149999999999977
448,Tabou,CI,1604777299,-7.35,4.42,84,81,299.39,2.5,26.389999999999986
449,Rørvik,NO,1604777299,11.24,64.86,59,42,280.68,6.61,7.680000000000007
450,Concordia,AR,1604777299,-58.02,-31.39,45,40,301.15,5.1,28.149999999999977
451,Miles City,US,1604777299,-105.84,46.41,75,1,279.15,3.1,6.149999999999977
452,Loa Janan,ID,1604777299,117.09,-0.58,95,100,296.59,0.78,23.589999999999975
453,Kaseda-shirakame,JP,1604777300,130.32,31.42,88,100,290.93,4.92,17.930000000000007
454,Karakol,KG,1604777300,78.39,42.49,60,14,275.81,1.54,2.8100000000000023
455,Belaya Gora,RU,1604777300,146.42,68.53,92,100,253.86,1.75,-19.139999999999986
456,Ha Giang,VN,1604777300,104.98,22.83,72,71,292.44,1.68,19.439999999999998
457,Arrondissement d'Issoudun,FR,1604777086,1.83,47.0,76,0,288.15,3.1,15.149999999999977
458,Diffa,NE,1604777300,12.61,13.32,20,0,297.44,2.57,24.439999999999998
459,Maumere,ID,1604777300,122.21,-8.62,73,100,299.93,1.68,26.930000000000007
460,Bayan,CN,1604777300,127.4,46.08,62,73,273.15,6.97,0.14999999999997726
461,Barra Patuca,HN,1604777300,-84.28,15.8,73,95,302.04,8.56,29.04000000000002
462,Novobirilyussy,RU,1604777301,90.67,56.95,93,99,276.17,3.74,3.170000000000016
463,Sopela,ES,1604777301,-2.98,43.38,77,0,290.37,2.1,17.370000000000005
464,Kopanskaya,RU,1604777301,38.48,46.28,70,64,284.86,5.23,11.860000000000014
465,Andenes,NO,1604777301,16.12,69.31,60,100,277.15,14.9,4.149999999999977
466,Bonavista,CA,1604777301,-53.11,48.65,81,100,282.59,7.2,9.589999999999975
467,Abilene,US,1604777301,-99.73,32.45,47,20,298.15,7.2,25.149999999999977
468,Iqaluit,CA,1604777301,-68.51,63.75,72,90,261.15,4.1,-11.850000000000023
469,Georgiyevka,KZ,1604777301,74.71,43.04,26,0,282.15,3.0,9.149999999999977
470,Akhmeta,GE,1604777301,45.21,42.03,66,20,284.15,11.8,11.149999999999977
471,Mahajanga,MG,1604777302,46.32,-15.72,78,20,300.15,0.5,27.149999999999977
472,Hasaki,JP,1604777302,140.83,35.73,100,75,287.15,1.0,14.149999999999977
473,Vila Velha,BR,1604777302,-40.29,-20.33,78,75,299.26,4.6,26.25999999999999
474,Hamilton,US,1604777302,-84.53,39.18,35,1,296.15,2.6,23.149999999999977
475,Domoni,KM,1604777302,44.53,-12.26,74,33,298.86,1.63,25.860000000000014
476,Concepción del Uruguay,AR,1604777121,-58.24,-32.48,45,1,300.93,6.26,27.930000000000007
477,Ola,RU,1604777302,151.28,59.58,87,100,261.83,6.6,-11.170000000000016
478,Marataizes,BR,1604777302,-40.82,-21.04,81,84,296.83,4.19,23.829999999999984
479,Grindavik,IS,1604777302,-22.43,63.84,75,75,279.15,10.3,6.149999999999977
480,Asău,RO,1604777303,26.4,46.43,100,0,278.15,0.94,5.149999999999977
481,Morondava,MG,1604777303,44.28,-20.28,80,11,299.94,3.52,26.939999999999998
482,Guadalupe y Calvo,MX,1604777303,-106.97,26.1,26,0,292.83,3.8,19.829999999999984
483,Long Beach,US,1604777085,-118.19,33.77,55,1,289.82,5.7,16.819999999999993
484,São Lourenço do Sul,BR,1604777303,-51.98,-31.37,69,75,296.15,9.3,23.149999999999977
485,Deputatsky,RU,1604777303,139.9,69.3,91,95,251.8,1.35,-21.19999999999999
486,Kirovsk,UA,1604777303,38.64,48.64,76,12,281.06,4.62,8.060000000000002
487,Kasganj,IN,1604777303,78.65,27.82,24,0,292.8,0.46,19.80000000000001
488,Dikson,RU,1604777303,80.55,73.51,89,3,253.82,5.41,-19.180000000000007
489,Narwar,IN,1604777304,77.9,25.65,29,0,292.01,1.1,19.00999999999999
490,Brae,GB,1604777304,-1.35,60.4,100,100,279.15,0.5,6.149999999999977
491,Bilma,NE,1604777304,12.92,18.69,26,0,295.77,3.18,22.769999999999982
492,Calama,CL,1604777304,-68.93,-22.47,6,0,299.15,11.3,26.149999999999977
493,Markala,ML,1604777304,-6.07,13.7,13,0,303.42,4.44,30.420000000000016
494,Takoradze,GH,1604777304,-1.76,4.88,86,96,299.39,3.64,26.389999999999986
495,Chornobay,UA,1604777304,32.32,49.67,91,34,281.25,2.96,8.25
496,Arman',RU,1604777304,150.17,59.7,86,99,260.48,6.93,-12.519999999999982
497,Fuengirola,ES,1604777304,-4.62,36.54,82,20,292.04,2.13,19.04000000000002
498,Eftimie Murgu,RO,1604777305,22.09,44.9,100,71,279.26,1.5,6.259999999999991
499,Sola,VU,1604777305,167.55,-13.88,83,90,301.15,2.6,28.149999999999977
500,Eureka,US,1604777092,-124.16,40.8,57,0,286.48,2.68,13.480000000000018
501,Yerbogachën,RU,1604777305,108.01,61.28,93,100,257.26,2.16,-15.740000000000009
502,Alofi,NU,1604777305,-169.92,-19.06,73,75,298.15,6.7,25.149999999999977
503,Spirit River,CA,1604777305,-118.84,55.78,72,100,265.15,3.6,-7.850000000000023
504,Makakilo City,US,1604777305,-158.09,21.35,78,40,300.15,3.6,27.149999999999977
505,Isla Mujeres,MX,1604777305,-86.73,21.23,62,40,303.15,4.1,30.149999999999977
506,Lodja,CD,1604777305,23.43,-3.48,86,24,294.83,0.07,21.829999999999984
507,Hoi An,VN,1604777306,108.33,15.88,88,40,296.15,0.5,23.149999999999977
508,Aykhal,RU,1604777306,111.5,66.0,91,0,254.15,2.0,-18.849999999999994
509,Lermontovka,RU,1604777306,134.34,47.15,98,74,270.51,1.28,-2.490000000000009
510,Havøysund,NO,1604777306,24.66,71.0,80,100,275.15,19.5,2.1499999999999773
511,Marystown,CA,1604777306,-55.15,47.17,100,41,282.04,4.47,9.04000000000002
512,Āreka,ET,1604777306,37.7,7.07,72,100,291.62,1.15,18.620000000000005
513,Pervomayskoye,RU,1604777306,46.71,43.92,54,100,283.66,8.78,10.660000000000025
514,Matamoros,MX,1604777109,-103.25,25.53,29,5,297.15,0.77,24.149999999999977
515,Marau,BR,1604777067,-52.2,-28.45,27,0,303.34,2.83,30.339999999999975
516,Honiara,SB,1604777293,159.95,-9.43,100,20,296.15,1.0,23.149999999999977
517,Ambunti,PG,1604777307,142.84,-4.24,98,100,295.98,0.79,22.980000000000018
518,Visnes,NO,1604777307,5.22,59.36,100,56,283.15,2.6,10.149999999999977
519,Alice Springs,AU,1604777258,133.88,-23.7,23,0,289.15,2.6,16.149999999999977
520,Windhoek,NA,1604777307,17.08,-22.56,19,0,298.15,2.6,25.149999999999977
521,Morden,CA,1604777307,-98.1,49.19,74,100,275.15,5.1,2.1499999999999773
522,High River,CA,1604777251,-113.87,50.58,87,100,272.59,1.34,-0.410000000000025
523,Camocim,BR,1604777307,-40.84,-2.9,56,96,304.27,9.24,31.269999999999982
524,Yulara,AU,1604777308,130.99,-25.24,13,97,296.15,3.6,23.149999999999977
525,Spearfish,US,1604777308,-103.86,44.49,25,1,296.48,5.7,23.480000000000018
526,Babynino,RU,1604777308,35.73,54.39,86,0,278.15,1.0,5.149999999999977
527,Freeport,US,1604777306,-73.58,40.66,40,1,297.04,3.6,24.04000000000002
528,Elbistan,TR,1604777308,37.2,38.21,62,5,281.96,1.73,8.95999999999998
529,Emba,KZ,1604777308,58.14,48.83,81,100,277.7,8.64,4.699999999999989
530,Mvuma,ZW,1604777308,30.53,-19.28,39,1,297.25,1.1,24.25
531,Gmina Lwówek Śląski,PL,1604777308,15.59,51.11,75,0,282.59,1.79,9.589999999999975
532,Río Gallegos,AR,1604777309,-69.22,-51.62,30,40,293.15,7.7,20.149999999999977
533,Merrill,US,1604777309,-89.68,45.18,56,1,294.26,7.2,21.25999999999999
534,Ilebo,CD,1604777309,20.58,-4.32,94,98,294.82,0.55,21.819999999999993
535,Aksarka,RU,1604777309,67.8,66.56,99,98,270.61,0.45,-2.3899999999999864
536,Conceição do Araguaia,BR,1604777309,-49.26,-8.26,64,95,303.02,1.02,30.019999999999982
537,Tshikapa,CD,1604777066,20.8,-6.42,87,100,296.38,0.81,23.379999999999995
538,La Rioja,ES,1604777309,-2.5,42.25,93,90,286.48,0.5,13.480000000000018
539,Nālūt,LY,1604777309,10.85,30.33,42,0,290.26,5.22,17.25999999999999
540,Wanaka,NZ,1604777062,169.15,-44.7,80,100,279.26,0.89,6.259999999999991
541,Ciudad Guayana,VE,1604777309,-62.65,8.35,63,98,305.37,0.45,32.370000000000005
542,Tongchuanshi,CN,1604777310,109.09,35.08,46,0,282.38,2.01,9.379999999999995
543,Marawi,PH,1604777310,124.29,8.0,93,100,295.93,3.58,22.930000000000007
544,Bubaque,GW,1604777310,-15.83,11.28,74,1,302.82,5.54,29.819999999999993
545,Bedford,GB,1604777310,-0.47,52.13,93,74,283.15,3.6,10.149999999999977
546,Trairi,BR,1604777235,-39.27,-3.28,62,8,302.29,6.94,29.29000000000002
547,Centralina,BR,1604777310,-49.2,-18.58,31,55,306.62,0.93,33.620000000000005
548,State College,US,1604777186,-77.86,40.79,35,1,295.15,3.1,22.149999999999977
549,Atbasar,KZ,1604777275,68.33,51.8,58,100,279.92,5.08,6.920000000000016
550,Xining,CN,1604777310,101.77,36.62,80,0,273.2,0.58,0.19999999999998863
551,Callaguip,PH,1604777311,120.49,18.07,74,75,300.15,3.1,27.149999999999977
552,Shelburne,CA,1604777311,-80.2,44.08,35,100,294.26,6.22,21.25999999999999
553,Westport,US,1604777095,-73.36,41.14,52,1,295.93,3.1,22.930000000000007
554,Makkah al Mukarramah,SA,1604777296,39.83,21.43,64,17,298.69,1.45,25.689999999999998
555,Yima,CN,1604777311,111.88,34.74,99,0,285.93,2.3,12.930000000000007
556,Dno,RU,1604777311,29.96,57.83,81,100,281.92,5.35,8.920000000000016
557,Cockburn Town,TC,1604777311,-71.14,21.46,78,90,299.15,5.1,26.149999999999977
558,Urambo,TZ,1604777311,32.05,-5.07,42,99,299.38,1.34,26.379999999999995
559,Trincomalee,LK,1604777311,81.23,8.57,79,29,301.21,3.93,28.20999999999998
560,Krasnokamensk,RU,1604777063,118.04,50.1,88,0,261.44,2.16,-11.560000000000002
561,Santa Isabel Rio Negro,BR,1604777312,-65.02,-0.41,85,100,298.23,1.77,25.230000000000018
562,Hellín,ES,1604777312,-1.7,38.51,76,20,288.15,2.1,15.149999999999977
563,Washington,US,1604776723,-120.5,47.5,57,0,280.37,0.45,7.3700000000000045
564,Corrales,US,1604777080,-106.61,35.24,27,75,292.59,4.6,19.589999999999975
565,Conakry,GN,1604777312,-13.68,9.54,83,20,302.15,3.1,29.149999999999977
566,San Bartolomé de Tirajana,ES,1604777312,-15.57,27.92,73,75,295.15,1.0,22.149999999999977
567,Jérémie,HT,1604777312,-74.12,18.65,71,100,301.35,2.4,28.350000000000023
568,Skała,PL,1604777313,19.85,50.23,93,0,279.26,2.1,6.259999999999991
